Id,Message,Created at,amount,REALNAMES,names
8104,"Dios es bueno, todo el tiempo",2020-07-05 23:57:17 UTC,800,AO,@anaochoa_c
8077,Exitos,2020-07-03 20:31:44 UTC,50,José Rafael Corrales Álvarez,rafacorrales
8067,"Ánimos, siempre habrá un hermano hondureño para tender la mano cuando alguno de nosotros necesite.",2020-07-02 15:25:22 UTC,50,Jancarlo Martínez,jancarlomart
8066,"Con un granito de arena entre todos los buenos, se ayudarán a muchas personas.",2020-07-02 15:06:49 UTC,50,Jeyson Oyuela,jeyson7
8063,Todo lo mejor en sus vidas,2020-07-02 08:00:27 UTC,100,Ricardo,@rrivas2
8059,,2020-07-02 02:52:25 UTC,50,Cameroh,talidrums
8052,Exitos,2020-07-01 23:26:09 UTC,50,José Rafael Corrales Álvarez,rafacorrales
8036,Hola,2020-07-01 01:43:41 UTC,500,GQ,gaboquinones1
8029,"Pronto saldra el Sol, mucha Fe🙏🏽",2020-06-30 23:35:15 UTC,100,Pocket,@pocketca07
8010,"Hoy por ti mañana por mi, somos una familia.",2020-06-30 13:32:57 UTC,200,Danilo Sandres,Sandres Danilo
8001,,2020-06-30 03:26:43 UTC,500,Mangie Larach,Mangie larach
8000,99797581,2020-06-30 02:52:18 UTC,1500,Hector Ramos,Hramosr96
7999,Muy buena iniciativa👏👏,2020-06-30 02:35:17 UTC,150,Rodri Figueroa,Rodrifigss
7986,,2020-06-29 20:03:38 UTC,100,Jose Madrid,Jjmadrid94
7985,Dios es amor,2020-06-29 18:33:10 UTC,50,José Rafael Corrales Álvarez,rafacorrales
7982,Estamos con ustedes,2020-06-29 05:05:09 UTC,100,Henry Rodriguez,henrylanza14
7981,Éxitos! Dios les bendiga.,2020-06-29 04:11:20 UTC,100,MNRS,msuazo02
7980,Dios los bendiga,2020-06-29 04:08:06 UTC,50,Nelson Leonel Zelaya Narváez,znelson19
7978,,2020-06-29 03:25:01 UTC,350,Allan Renato Lopez,allanlo25
7971,,2020-06-28 23:02:37 UTC,100,Josue,@Callu1986
7968,,2020-06-28 21:02:43 UTC,600,Mario V,@maritovilleda
7967,Ningún mensaje solo Dios los bendiga a todos🙏🏼,2020-06-28 21:00:00 UTC,100,Juan C Medina,Hdrs_jcarlosv
7964,,2020-06-28 20:27:30 UTC,100,Estefanía Hernández,@estefaniahr7
7962,"Fuerza hermanos, saldremos de esta, nosotros podemos",2020-06-28 20:07:25 UTC,250,A. Efraín,allanefrain
7961,Gracias y exitos,2020-06-28 20:06:25 UTC,200,AS,aroldosalguero
7958,Con mucho cariño para mi país,2020-06-28 01:18:01 UTC,150,Valeria P.,@valeriapazt
7957,,2020-06-28 01:15:19 UTC,2500,JFM,juanfer.molinam
7948,Dios le bendiga grandemente!,2020-06-27 22:57:43 UTC,100,Jimmy cruz,Jimmy_Cruz30
7945,,2020-06-27 20:49:52 UTC,1000,CRG,carlosgarciap
7944,Honduras Primero,2020-06-27 20:49:00 UTC,100,hernandejesus,hernandejesus
7940,,2020-06-27 20:32:07 UTC,500,Diego L,@diegolorenzana
7939,,2020-06-27 20:30:48 UTC,50,Victor Pineda,victor19pa
7934,Unidos Todos,2020-06-27 20:17:11 UTC,200,Stefano Rojas,Stefanorojas99
7933,,2020-06-27 20:16:34 UTC,400,A,Anag_reyes
7931,,2020-06-27 20:14:41 UTC,50,José Rafael Corrales Álvarez,rafacorrales
7927,,2020-06-27 19:53:15 UTC,200,Ivanna S,ivannastefan
7926,,2020-06-27 19:40:46 UTC,50,Carlos Mariano Martinez,
7907,,2020-06-27 02:19:36 UTC,1500,Nicolas Quiñones,nicolasquinonesk
7897,,2020-06-27 00:48:21 UTC,5000,Allan Sikaffy,Allansikaffy
7884,,2020-06-26 22:35:33 UTC,100,Manuel F.,@manuelfiallos
7883,Que bonito ser Frijol y poder ser solidario con los demás !! Juguemos por Honduras !!💜🇭🇳,2020-06-26 22:20:36 UTC,150,Luis Peña,luis_penaaaa
7881,Juguemos por Honduras,2020-06-26 21:53:00 UTC,450,Gasprismo,gasparvc
7880,,2020-06-26 21:48:32 UTC,500,Patricia v,Patvallecillo
7854,"Quien a Dios tiene, nada le falta, solo Dios basta ♥️",2020-06-26 06:06:19 UTC,350,AO,anaochoa_c
7852,,2020-06-26 05:34:36 UTC,100,Diego L,@diegolorenzana
7839,,2020-06-26 03:02:57 UTC,100,CAAG,adrian_avila2
7837,Dios te bendiga hoy y siempre,2020-06-26 02:01:21 UTC,50,Roney Talavera,Roney Talavera
7833,,2020-06-25 23:52:35 UTC,1500,amlz,Amlorenzana
7832,Todo estará bien,2020-06-25 23:42:50 UTC,10,Trejo,Carlos.trejo24
7829,#juguemosporhonduras,2020-06-25 23:24:26 UTC,650,Ana G,@anag_reyes
7828,,2020-06-25 22:24:12 UTC,50,Sebastián Videa Burgos,sebasvburgos
7826,Buen trabajo y sigan adelante!,2020-06-25 22:04:01 UTC,6950,JC ARQUITECTOS,@jcarquitectoshn
7825,,2020-06-25 21:42:41 UTC,0,AZC,
7823,Feliz  de poder aportar un granito  a esta gran causa!,2020-06-25 21:14:40 UTC,100,Miguel Arturo Sauceda,@arturosauceda85
7801,Juntos todos podemos!!,2020-06-25 17:31:40 UTC,100,Mario Fonseca,mariofonsecadiaz
7799,Jugando por Honduras 🔥⚽️,2020-06-25 16:34:57 UTC,350,Ana Sofia Montenegro,Sofimontenegro1
7797,Por una Honduras Mejor,2020-06-25 14:50:52 UTC,200,Ramon Caceres,ramoncaceres07
7785,"Dios te bendiga, ¡Lo mejor estar por venir!",2020-06-25 00:00:26 UTC,300,Mario C.R.,mariocarlosrosa
7780,Sigamos adelante!,2020-06-24 21:07:14 UTC,300,Alvis,@nlalvaradoc
7763,,2020-06-24 03:12:39 UTC,500,FA,felipebanegas
7755,.,2020-06-24 00:22:50 UTC,950,Allan Sikafy,Allansikaffy
7746,,2020-06-23 20:05:47 UTC,100,T,tamarbendeck9
7731,,2020-06-23 16:25:03 UTC,700,Carlosdub,cduboy98
7714,Bien hecho!!,2020-06-23 02:44:22 UTC,1000,Karla Reyes,@karla. e. reyess
7704,Vamos Honduras?,2020-06-23 00:24:45 UTC,1000,Emilio Quiñonez,emilioquinonezl
7699,,2020-06-22 23:40:06 UTC,0,anonimo,
7695,💪🏽,2020-06-22 23:06:51 UTC,400,Arod,Alejandrorodriguez108
7691,,2020-06-22 22:22:54 UTC,750,JC Jaar,jcjf1993
7686,,2020-06-22 21:57:05 UTC,100,Hugo C,hugocaballero7
7679,Fuerza y esperanza !,2020-06-22 20:57:18 UTC,0,Carlos,Fuerza y esperanza Honduras ! Adelante con operación Frijol!
7674,,2020-06-22 19:22:53 UTC,100,SR,samuelizaguirr3
7673,Qué Dios te bendiga y te guarde siempre. Amén.,2020-06-22 19:16:19 UTC,100,Juan O.,@jfnasrala
7634,#juguemos,2020-06-22 14:40:02 UTC,500,,@cristiankafie
7631,,2020-06-22 06:23:16 UTC,750,CF,@carlosfacusse
7628,31773813,2020-06-22 03:45:58 UTC,50,AJC,jackycardona05372
7627,,2020-06-22 03:26:44 UTC,500,Fue Mano de Benzema,spastorferrari
7626,Voy por la de Cristiano : ),2020-06-22 03:25:38 UTC,100,,mcabal68
7624,Juguemos😎,2020-06-22 02:58:47 UTC,500,frijolera,ivilledamaduro
